[{"appName": "KREAM \ud06c\ub9bc", "packageName": "com.fstudio.kream", "category": "Shopping"}, {"appName": "\ub77c\uc2a4\ud2b8\uc624\ub354 - \uc624\ub298\uc758 \ub9c8\uac10\uc138\uc77c", "packageName": "com.myro.lastorder", "category": "Food & Drink"}, {"appName": "Ulike - Define your selfie in trendy style", "packageName": "com.gorgeous.liteinternational", "category": "Photography"}, {"appName": "\ud3ec\ucf13CU", "packageName": "com.bgfcu.membership", "category": "Lifestyle"}, {"appName": "\ucf54\ub4dc\ubc45\ud06c - \uc0ac\uc804\uc608\uc57d, \uc0ac\uc804\ub4f1\ub85d \uc571", "packageName": "com.tnkfactory.precode", "category": "Role Playing"}, {"appName": "Gelato - Best Nail Art Design", "packageName": "com.tmon.gelato.android", "category": "Beauty"}, {"appName": "\uacfc\uc678\ubc14\ub2e4 - \ub300\ud55c\ubbfc\uad6d No.1 \uacfc\uc678\ub9c8\ucf13", "packageName": "com.gwbd", "category": "Education"}, {"appName": "\ub2e4\uc74c - Daum", "packageName": "net.daum.android.daum", "category": "Browser"}, {"appName": "\ub9c8\ucf13\uceec\ub9ac-\ub0b4\uc77c\uc758 \uc7a5\ubcf4\uae30", "packageName": "com.dbs.kurly.m2", "category": "Food & Drink"}, {"appName": "\ubb38\ub2e8\uc554\uc1a1 - \ub2f9\uc2e0\uc758 \ub9e4\uc77c\uc744 \ub354 \ud48d\uc131\ud558\uac8c", "packageName": "com.doma.psalms1199", "category": "Tools"}, {"appName": "SPOTV NOW(\uc2a4\ud3ec\ud2f0\ube44 \ub098\uc6b0) - \ud504\ub9ac\ubbf8\uc5c4 \uc2a4\ud3ec\uce20 \uc0dd\uc911\uacc4", "packageName": "kr.co.spotvnow.app", "category": "Sports"}, {"appName": "ColorNote Notepad Notes", "packageName": "com.socialnmobile.dictapps.notepad.color.note", "category": "Productivity"}, {"appName": "YBM TOEIC\u00ae Speaking \uae30\ucd9c\ubb38\uc81c \uccb4\ud5d8\ud558\uae30", "packageName": "com.ybmsisa.TosEx", "category": "Education"}, {"appName": "Google Translate", "packageName": "com.google.android.apps.translate", "category": "Tools"}, {"appName": "T world", "packageName": "Com.sktelecom.minit", "category": "Lifestyle"}, {"appName": "KB\uc2a4\ud0c0\uc54c\ub9bc", "packageName": "com.kbstar.starpush", "category": "Finance"}, {"appName": "[Samsung] Always On Display", "packageName": "com.samsung.android.app.aodservice", "category": "Tools"}, {"appName": "POCO Launcher 2.0 - Customize, Fresh & Clean", "packageName": "com.mi.android.globallauncher", "category": "Personalization"}, {"appName": "Google Docs", "packageName": "com.google.android.apps.docs.editors.docs", "category": "Productivity"}, {"appName": "Samsung Experience Service", "packageName": "com.samsung.android.mobileservice", "category": "Tools"}, {"appName": "Samsung Calculator", "packageName": "com.sec.android.app.popupcalculator", "category": "Tools"}, {"appName": "SoundHound - Music Discovery & Lyrics", "packageName": "com.melodis.midomiMusicIdentifier.freemium", "category": "Music & Audio"}, {"appName": "Remote Control For Samsung Air Conditioner", "packageName": "com.weedle.samsung_ac_remotes", "category": "Tools"}, {"appName": "Microsoft Excel: View, Edit, & Create Spreadsheets", "packageName": "com.microsoft.office.excel", "category": "Productivity"}, {"appName": "SSGPAY - \ud61c\ud0dd \uc704\uc758 \ud61c\ud0dd", "packageName": "com.ssg.serviceapp.android.egiftcertificate", "category": "Finance"}, {"appName": "Samsung Notes", "packageName": "com.samsung.android.app.notes", "category": "Productivity"}, {"appName": "Video Downloader for Facebook - FB Video Download", "packageName": "videodownloader.fbvideodownloader.facebookvideodownloader.videodownloaderforfacebook", "category": "Utility"}, {"appName": "SLOWLY - Connect to the World!", "packageName": "com.slowlyapp", "category": "Lifestyle"}, {"appName": "\ud53c\ud130\ud32c\uc758 \uc88b\uc740\ubc29 \uad6c\ud558\uae30 - No.1 \ubd80\ub3d9\uc0b0 \uc9c1\uac70\ub798 (\uc6d0\ub8f8, \uc544\ud30c\ud2b8, \uc624\ud53c\uc2a4\ud154, \uc0c1\uac00)", "packageName": "com.appz.dukkuba", "category": "House & Home"}, {"appName": "\uc54c\ubc14\ubaac - \uc54c\ubc14 \ucc44\uc6a9 \uad6c\uc778\uad6c\uc9c1 \ucde8\uc5c5\uc815\ubcf4\uac80\uc0c9", "packageName": "com.albamon.app", "category": "Business"}, {"appName": "\uc778\ud130\ud30c\ud06c", "packageName": "com.interpark.shop", "category": "Shopping"}, {"appName": "\ub514\uc5b4 deer", "packageName": "co.deering.deer", "category": "Auto & Vehicles"}, {"appName": "\uac74\uad6d\ub300\ud559\uad50", "packageName": "kr.ac.konkuk.kumob", "category": "Education"}, {"appName": "Microsoft Outlook: Organize Your Email & Calendar", "packageName": "com.microsoft.office.outlook", "category": "Productivity"}, {"appName": "DEJOU", "packageName": "com.cafe24.ec.plusnobbi1004", "category": "Shopping"}, {"appName": "\ud2f0\ube59(TVING) - \uc2e4\uc2dc\uac04TV, \ubc29\uc1a1VOD, \uc601\ud654VOD", "packageName": "net.cj.cjhv.gs.tving", "category": "Entertainment"}, {"appName": "\uce74\uce74\uc624\ud1a1 \ucc44\ub110 \uad00\ub9ac\uc790", "packageName": "com.kakao.yellowid", "category": "Communication"}, {"appName": "AliExpress - Smarter Shopping, Better Living", "packageName": "com.alibaba.aliexpresshd", "category": "Shopping"}, {"appName": "U+\uc2a4\ud338\ucc28\ub2e8", "packageName": "com.lguplus.blocksmishing", "category": "Communication"}, {"appName": "To-Do! (quick notes, todo list, schedule)", "packageName": "com.yong.tat", "category": "Productivity"}, {"appName": "\uc2e0\ud55c \uc3e0(SOL) \u2013 \uc2e0\ud55c\uc740\ud589 \uc2a4\ub9c8\ud2b8\ud3f0\ubc45\ud0b9", "packageName": "com.shinhan.sbanking", "category": "Finance"}, {"appName": "\uc804\uad6d \uc2a4\ub9c8\ud2b8 \ubc84\uc2a4", "packageName": "teamdoppelganger.smarterbus", "category": "Maps & Navigation"}, {"appName": "Ruler", "packageName": "org.nixgame.ruler", "category": "Tools"}, {"appName": "Gunship Battle Total Warfare", "packageName": "com.joycity.gw", "category": "Strategy"}, {"appName": "BeautyPlus - Easy Photo Editor & Selfie Camera", "packageName": "com.commsource.beautyplus", "category": "Photography"}, {"appName": "Lovedays - D-Day for Couples", "packageName": "com.wonderabbit.lovedays", "category": "Lifestyle"}, {"appName": "Naver SmartBoard - Keyboard: Search,Draw,Translate", "packageName": "com.navercorp.android.smartboard", "category": "Tools"}, {"appName": "KB\uad6d\ubbfc \uc571\uce74\ub4dc", "packageName": "com.kbcard.cxh.appcard", "category": "Finance"}, {"appName": "\uc5f0\uc778 - \"\uc5f0\uc778\"\uc5d0\uc11c \ub9cc\ub098 \uc778\uc5f0\uc774 \uc5f0\uc778\uc73c\ub85c", "packageName": "kr.co.itforone.lover2", "category": "Communication"}, {"appName": "Money Manager Expense & Budget", "packageName": "com.realbyteapps.moneymanagerfree", "category": "Finance"}, {"appName": "CGV", "packageName": "com.cgv.android.movieapp", "category": "Entertainment"}, {"appName": "Air Quality | AirVisual", "packageName": "com.airvisual", "category": "Weather"}, {"appName": "\uc653\ucc60", "packageName": "com.frograms.wplay", "category": "Entertainment"}, {"appName": "KakaoTalk: Free Calls & Text", "packageName": "com.kakao.talk", "category": "Communication"}, {"appName": "Tuner T1", "packageName": "com.jsplash.tuner", "category": "Music & Audio"}, {"appName": "THE CAMP \ub300\uad6d\ubbfc \uad6d\uad70 \uc18c\ud1b5 \uc11c\ube44\uc2a4", "packageName": "com.enabledaonsoft.thecamp", "category": "Communication"}, {"appName": "Kakao TV Live - \uce74\uce74\uc624 TV \ub77c\uc774\ube0c", "packageName": "com.kakao.playball", "category": "Entertainment"}, {"appName": "lotte.com", "packageName": "com.lotte", "category": "Shopping"}, {"appName": "KakaoMap - Map / Navigation", "packageName": "net.daum.android.map", "category": "Maps & Navigation"}, {"appName": "Legends of Runeterra", "packageName": "com.riotgames.legendsofruneterra", "category": "Card"}, {"appName": "QR\ucf54\ub4dc \uc804\uc790\ucd9c\uc785\uba85\ubd80 \uccb4\ud06c\uc778 - QR\ucf54\ub4dc \uccb4\ud06c\uc778 \ubc14\ub85c\uac00\uae30 - \uc5b4\ub974\uc2e0\uc6a9 QR\uccb4\ud06c\uc778 QR\ucf54\ub4dc", "packageName": "com.jnp.qrcheckin", "category": "Lifestyle"}, {"appName": "Dr.Capsule - Antivirus, Cleaner, Booster", "packageName": "com.estsoft.alyac", "category": "Tools"}, {"appName": "KakaoBus", "packageName": "com.astroframe.seoulbus", "category": "Maps & Navigation"}, {"appName": "Everland", "packageName": "com.samsung.everland.android.mobileApp", "category": "Entertainment"}, {"appName": "Naver Papago - AI Translator", "packageName": "com.naver.labs.translator", "category": "Tools"}, {"appName": "ETS TOEIC Books by YBM", "packageName": "com.YBMSisa.ETSbook", "category": "Education"}, {"appName": "Dungeon Crawl:SS (ASCII)", "packageName": "com.crawlmb", "category": "Puzzle"}, {"appName": "Microsoft OneDrive", "packageName": "com.microsoft.skydrive", "category": "Productivity"}, {"appName": "\ub9ac\ube0c\uba54\uc774\ud2b8", "packageName": "com.kbcard.kat.liivmate", "category": "Finance"}, {"appName": "DCSS Online", "packageName": "com.newtzgames.dcssonline", "category": "Role Playing"}, {"appName": "Blue Light Filter - Night Mode, Night Shift", "packageName": "com.eyefilter.nightmode.bluelightfilter", "category": "Health & Fitness"}, {"appName": "11st", "packageName": "com.elevenst", "category": "Shopping"}, {"appName": "\uc5ec\uae30\uc5b4\ub54c - \ud638\ud154, \ubaa8\ud154, \ud39c\uc158, \ucea0\ud551, \uac8c\ud558, \uc561\ud2f0\ube44\ud2f0 \ucd5c\uc800\uac00 \uc608\uc57d!", "packageName": "kr.goodchoice.abouthere", "category": "Travel & Local"}, {"appName": "\uce74\uce74\uc624\ub0b4\ube44", "packageName": "com.locnall.KimGiSa", "category": "Maps & Navigation"}, {"appName": "\ud5ec\ub9ad\uc2a4 \uc648\uce20", "packageName": "com.ubj.waltzkr", "category": "Simulation"}, {"appName": "Lezhin Comics - Daily Releases", "packageName": "com.lezhin.comics", "category": "Comics"}, {"appName": "Fasting App - Fasting Tracker & Intermittent Fast", "packageName": "bodyfast.zero.fastingtracker.weightloss", "category": "Health & Fitness"}, {"appName": "[\uacf5\uc2dd]\uc804\uad6d \uc2dc\uc678\ubc84\uc2a4 \uc2b9\ucc28\uad8c \ud1b5\ud569 \uc608\ub9e4(\ubc84\uc2a4\ud0c0\uace0)", "packageName": "com.ebcard.bustago", "category": "Maps & Navigation"}, {"appName": "SSG.COM", "packageName": "kr.co.ssg", "category": "Shopping"}, {"appName": "\uc5e0\ube0c\ub808\uc778 \ud328\ub110\ud30c\uc6cc", "packageName": "com.embrain.panelpower", "category": "Lifestyle"}, {"appName": "Hacker's Keyboard", "packageName": "org.pocketworkstation.pckeyboard", "category": "Productivity"}, {"appName": "Daum Cafe - \ub2e4\uc74c \uce74\ud398", "packageName": "net.daum.android.cafe", "category": "Social"}, {"appName": "Tor Browser", "packageName": "org.torproject.torbrowser", "category": "Browser"}, {"appName": "\ub7ad\ud0b9\ub2ed\ucef4 - \ub2ed\uac00\uc2b4\uc0b4 \uac10\ub3d9\uc1fc\ud551 \ub2e4\uc774\uc5b4\ud2b8 \ud5ec\uc2a4 \uc6b4\ub3d9 \uc2dd\ub2e8", "packageName": "com.yooic.b8ps.ia9d8", "category": "Shopping"}, {"appName": "T map \ud0dd\uc2dc - \ud2f0\ub9f5\ud0dd\uc2dc,T\ub9f5\ud0dd\uc2dc", "packageName": "com.skplanet.tmaptaxi.android.passenger", "category": "Maps & Navigation"}, {"appName": "\ud574\ucee4\uc2a4\uc911\uad6d\uc5b4", "packageName": "com.hackers.app.hackersmp3china", "category": "Education"}, {"appName": "Teamfight Tactics: League of Legends Strategy Game", "packageName": "com.riotgames.league.teamfighttactics", "category": "Strategy"}, {"appName": "AIR BUSAN", "packageName": "com.airbusan.gcm", "category": "Travel & Local"}, {"appName": "Lime - Your Ride Anytime", "packageName": "com.limebike", "category": "Auto & Vehicles"}, {"appName": "Samsung Pay", "packageName": "com.samsung.android.spay", "category": "Shopping"}, {"appName": "\ub2e8\uae30PLAYER", "packageName": "com.stn.mobile_player", "category": "Education"}, {"appName": "\ud150\ubc14\uc774\ud150 \u2013 \ub514\uc790\uc778 \uc1fc\ud551\ubab0 10x10", "packageName": "kr.tenbyten.shopping", "category": "Shopping"}, {"appName": "CamScanner - Scanner to scan PDF", "packageName": "com.intsig.camscanner", "category": "Productivity"}, {"appName": "\ud3ab\ub2e5 \u2013 \ub0b4 \uc190\uc548\uc5d0 \uc218\uc758\uc0ac \uc18c\ud658 \uc2e4\uc2dc\uac04 \ubb34\ub8cc \uc218\uc758\uc0ac \uc0c1\ub2f4 \uc571", "packageName": "kr.co.petdoc.petdoc", "category": "Lifestyle"}, {"appName": "\uc815\ubd8024(\uad6c \ubbfc\uc6d024)", "packageName": "kr.go.minwon.m", "category": "Productivity"}, {"appName": "TheDayBefore (D-Day countdown)", "packageName": "com.aboutjsp.thedaybefore", "category": "Lifestyle"}, {"appName": "\uac00\ucc9c\ub300\ud559\uad50 \uc2a4\ub9c8\ud2b8\ucd9c\uacb0\uc2dc\uc2a4\ud15c", "packageName": "kr.co.echeck.gcuapp", "category": "Education"}, {"appName": "PASS BY KT \u2013 \uc6b4\uc804\uba74\ud5c8\uc99d\uc774 \ub0b4 \ud734\ub300\ud3f0\uc18d\uc73c\ub85c!", "packageName": "com.kt.ktauth", "category": "Lifestyle"}, {"appName": "Daily Schedule - easy timetable, simple planner", "packageName": "kr.co.famapp.www.daily_schedule", "category": "Lifestyle"}, {"appName": "Collage Maker - Photo Editor & Photo Collage", "packageName": "photoeditor.layout.collagemaker", "category": "Photography"}, {"appName": "Coupang Eats - Rocket Delivery for Food", "packageName": "com.coupang.mobile.eats", "category": "Food & Drink"}, {"appName": "\uc18c\ubaa8\uc784 - No.1 \ucde8\ubbf8\ubaa8\uc784 \uc571", "packageName": "com.friendscube.somoim", "category": "Social"}, {"appName": "Windy.com - Weather Radar, Satellite and Forecast", "packageName": "com.windyty.android", "category": "Weather"}, {"appName": "Zigbang", "packageName": "com.chbreeze.jikbang4a", "category": "House & Home"}, {"appName": "\uc53d\uc53d - \uc0c8\ub85c\uc6b4 \uc774\ub3d9\uc0dd\ud65c", "packageName": "com.xingxingapp", "category": "Auto & Vehicles"}, {"appName": "5G \uc2a4\ud2b8\ub9ac\ubc0d\uac8c\uc784", "packageName": "com.kt.streamgame", "category": "Entertainment"}, {"appName": "Airbnb", "packageName": "com.airbnb.android", "category": "Travel & Local"}, {"appName": "\ub124\uc774\ubc84 \uce74\ud398 - Naver Cafe", "packageName": "com.nhn.android.navercafe", "category": "Social"}, {"appName": "LH\uccad\uc57d\uc13c\ud130", "packageName": "com.tobesoft.LH", "category": "House & Home"}, {"appName": "\uc640\uc774\ube44\uc5e0 \uc5b4\ud559\uc6d0", "packageName": "com.ybm.si_eduapp", "category": "Education"}, {"appName": "Shutterstock Contributor", "packageName": "com.shutterstock.contributor", "category": "Photography"}, {"appName": "\ub124\uc774\ubc84 \uc2dc\ub9ac\uc988on - SERIES ON", "packageName": "com.nhn.android.navertv", "category": "Entertainment"}, {"appName": "Samsung Music", "packageName": "com.sec.android.app.music", "category": "Music & Audio"}, {"appName": "\uce74\ud50c\ub7ab - \uc9d1 \uc55e\uc5d0\uc11c \ud0c0\ub294 \ub80c\ud2b8\uce74(\ub80c\ud130\uce74)", "packageName": "kr.co.plat.carplat", "category": "Maps & Navigation"}, {"appName": "\uacbd\ucc30 \ub85c\uc2a4\ud2b8112", "packageName": "kr.go.police.lost112.mobile.userapp", "category": "Lifestyle"}, {"appName": "Notebloc: Scanner App - Scan, save & share as PDF", "packageName": "com.notebloc.app", "category": "Productivity"}, {"appName": "Agoda", "packageName": "com.agoda.mobile.consumer", "category": "Travel & Local"}, {"appName": "Solitaire: Decked Out Ad Free", "packageName": "com.devsisters.SolitaireDeckedOut", "category": "Card"}, {"appName": "VLLO - Easy Video & Vlog Editing App", "packageName": "com.darinsoft.vimo", "category": "Utility"}, {"appName": "WATCHA PEDIA - Movies, TV shows Recommendation App", "packageName": "com.frograms.watcha", "category": "Entertainment"}, {"appName": "VG \uae30\uc5c5\uc6a9 Web SDK", "packageName": "kr.co.shiftworks.vguardweb", "category": "Tools"}, {"appName": "Microsoft Word: Write, Edit & Share Docs on the Go", "packageName": "com.microsoft.office.word", "category": "Productivity"}, {"appName": "Your Phone Companion - Link to Windows", "packageName": "com.microsoft.appmanager", "category": "Productivity"}, {"appName": "\uce74\uce74\uc624\ud5e4\uc5b4\uc0f5 KakaoHairshop", "packageName": "com.kakao.beauty.hairshop", "category": "Beauty"}, {"appName": "Fake GPS location", "packageName": "com.lexa.fakegps", "category": "Tools"}, {"appName": "SODA - Natural Beauty Camera", "packageName": "com.snowcorp.soda.android", "category": "Photography"}, {"appName": "\ud558\ub098\uc6d0\ud050 - \ud558\ub098\uc740\ud589 \uc2a4\ub9c8\ud2b8\ud3f0\ubc45\ud0b9", "packageName": "com.hanabank.ebk.channel.android.hananbank", "category": "Finance"}, {"appName": "Beam - Escooter sharing", "packageName": "com.escooterapp", "category": "Auto & Vehicles"}, {"appName": "\ud06c\ubabd - \uc804\ubb38\uac00\uac00 \ud544\uc694\ud55c \uc21c\uac04", "packageName": "com.kmong.kmong", "category": "Business"}, {"appName": "Puffin Web Browser", "packageName": "com.cloudmosa.puffinFree", "category": "Browser"}, {"appName": "B612 - Beauty & Filter Camera", "packageName": "com.linecorp.b612.android", "category": "Photography"}, {"appName": "Alarmy-Loud Alarm Sounds,Math Alarm Clock for Free", "packageName": "droom.sleepIfUCan", "category": "Productivity"}, {"appName": "All Files Converter - PDF, DOC, JPG, GIF, MP3, AVI", "packageName": "com.offiwiz.file.converter", "category": "Productivity"}, {"appName": "\ud5c8\ub2c8\uc2a4\ud06c\ub9b0 - \uccab\ud654\uba74 \uc18d \uafc0\uce90\uc2dc", "packageName": "com.buzzvil.adhours", "category": "Social"}, {"appName": "One-Stop Financial Service : Stockplus", "packageName": "com.dunamu.stockplus", "category": "Finance"}, {"appName": "\ub9cc\ub2a5\ud1a1 - \uba54\uc2dc\uc9c0 \ubab0\ub798\ubcf4\uae30, \uc0ad\uc81c\ub41c \uba54\uc2dc\uc9c0 \ubcf4\uae30, \uc790\ub3d9\uc751\ub2f5\uae30, \ucc44\ud305\ubd84\uc11d", "packageName": "com.allabout.katok", "category": "Dating"}, {"appName": "\ub7f0\ud22c\ub7f0, \ud55c\uad6d\uc0ac, \uacf5\ubb34\uc6d0, \ud2b9\ud5c8, \uae30\ucd9c, \ud575\uc2ec\uc774\ub860, \uc5f0\ub3d9 \ubc84\ud2bc, \uacbd\ucc30", "packageName": "com.jlesoft.civilservice.koreanhistoryexam9", "category": "Education"}, {"appName": "Photo Wonder - Collage Maker", "packageName": "com.yubitu.android.YubiCollage", "category": "Photography"}, {"appName": "AI \ud1a0\uc775 \ud29c\ud130, \uc0b0\ud0c0", "packageName": "co.riiid.vida", "category": "Education"}, {"appName": "7\uae09 \uacf5\ubb34\uc6d0 \uc2dc\ud5d8 \uae30\ucd9c\ubb38\uc81c", "packageName": "kr.co.trutory.nationaltest.publicservice7", "category": "Education"}, {"appName": "Google Chrome: Fast & Secure", "packageName": "com.android.chrome", "category": "Browser"}, {"appName": "Google Play services", "packageName": "com.google.android.gms", "category": "Tools"}, {"appName": "Samsung Internet Browser", "packageName": "com.sec.android.app.sbrowser", "category": "Browser"}, {"appName": "\uacbd\uae30\uc9c0\uc5ed\ud654\ud3d0", "packageName": "gov.gyeonggi.ggcard", "category": "Finance"}, {"appName": "KorailTalk", "packageName": "com.korail.talk", "category": "Travel & Local"}, {"appName": "\ub77c\ud504\ud154 - \uc560\ub2c8 \uac10\uc0c1 \ubc0f \ucde8\ud5a5\uc800\uaca9 \ucd94\ucc9c, \uc2a4\ud2b8\ub9ac\ubc0d", "packageName": "laftel.net.laftel", "category": "Comics"}, {"appName": "Google", "packageName": "com.google.android.googlequicksearchbox", "category": "Tools"}, {"appName": "Messages", "packageName": "com.google.android.apps.messaging", "category": "Communication"}, {"appName": "\uc140\ub809\ud2b8\uc20d \ubb34\uc2e0\uc0ac - SELECT SHOP MUSINSA", "packageName": "com.musinsa.store", "category": "Shopping"}, {"appName": "DAILY DAY - D-Day Schedule Widget", "packageName": "kr.co.yjteam.dailyday", "category": "Lifestyle"}, {"appName": "NateOn UC", "packageName": "Uxpp.UC", "category": "Communication"}, {"appName": "Wild Tamer", "packageName": "com.percent.wildtamer", "category": "Role Playing"}, {"appName": "Adobe Scan: PDF Scanner with OCR, PDF Creator", "packageName": "com.adobe.scan.android", "category": "Business"}, {"appName": "T\uc5f0\ub77d\ucc98 - \uc8fc\uc18c\ub85d \uc2e4\uc2dc\uac04 \ubc31\uc5c5, 114 \uac80\uc0c9", "packageName": "com.skt.prod.phonebook", "category": "Tools"}, {"appName": "KB\uad6d\ubbfc\uc740\ud589 \uc2a4\ud0c0\ubc45\ud0b9", "packageName": "com.kbstar.kbbank", "category": "Finance"}, {"appName": "\uc0bc\uad6d\uc9c0 \uc624\ub9ac\uc9c4", "packageName": "com.r2.sgmnz.kr", "category": "Strategy"}, {"appName": "HSK Online \u2014 HSK Study and Exams", "packageName": "com.hskonline", "category": "Education"}, {"appName": "Auto Clicker - Automatic tap", "packageName": "com.truedevelopersstudio.automatictap.autoclicker", "category": "Tools"}, {"appName": "V3 Mobile Plus", "packageName": "com.ahnlab.v3mobileplus", "category": "Tools"}, {"appName": "\uc0ad\uc81c\ub41c \uba54\uc2dc\uc9c0 \ubcf4\uae30 - \uc0ad\ud1a1/\ubaa8\ub4e0\ud1a1K(\uad6c)", "packageName": "com.rbu.saktalk", "category": "Dating"}, {"appName": "YouCut - Video Editor & Video Maker, No Watermark", "packageName": "com.camerasideas.trimmer", "category": "Utility"}, {"appName": "WeChat", "packageName": "com.tencent.mm", "category": "Communication"}, {"appName": "\ucfe0\ud321 \ud50c\ub809\uc2a4 (\ubc30\uc1a1)", "packageName": "com.coupang.flex.mobile", "category": "Business"}, {"appName": "Google Photos", "packageName": "com.google.android.apps.photos", "category": "Photography"}, {"appName": "U+\ud504\ub85c\uc57c\uad6c(\ubaa8\ub4e0 \ud1b5\uc2e0\uc0ac \uc774\uc6a9\uac00\ub2a5)", "packageName": "com.uplus.baseballhdtv", "category": "Sports"}, {"appName": "The Slimeking's Tower", "packageName": "com.revampedpro.theslimekingtower", "category": "Action"}, {"appName": "U+\uba64\ubc84\uc2a4 - \uba64\ubc84\uc2ed \ud560\uc778,\uc18c\uc561\uacb0\uc81c,\ud3ec\uc778\ud2b8,\ucfe0\ud3f0", "packageName": "uplus.membership", "category": "Lifestyle"}, {"appName": "S-OIL \uad6c\ub3c4\uc77c Family", "packageName": "com.soilbonus.goodoilfamily", "category": "Lifestyle"}, {"appName": "\uc2a4\ub9c8\ud2b8OTP \uacf5\ub3d9\uc571", "packageName": "com.kftc.smartotp", "category": "Finance"}, {"appName": "\ud55c\ud654\uc190\ud574\ubcf4\ud5d8 \uc2a4\ub9c8\ud2b8\uc778\uc288", "packageName": "com.hanwha.hima", "category": "Finance"}, {"appName": "\ub86f\ub370\ud648\uc1fc\ud551", "packageName": "com.omnitel.android.lottewebview", "category": "Shopping"}, {"appName": "Discord - Talk, Video Chat & Hangout with Friends", "packageName": "com.discord", "category": "Communication"}, {"appName": "\ud6c4\ud6c4-\uc720\ud50c\ub7ec\uc2a4 - \ud568\uaed8 \uc4f0\uba74 \ub354 \uc88b\uc740 \uc548\uc804 \uc548\uc2ec 1\ub4f1 \uc571", "packageName": "com.whox2.lguplus", "category": "Lifestyle"}, {"appName": "Secure Folder", "packageName": "com.samsung.knox.securefolder", "category": "Business"}, {"appName": "\uba54\uc774\ud50c\ud578\uc988+", "packageName": "com.nexon.handsplus", "category": "Entertainment"}, {"appName": "\ubd04 \uce98\ub9b0\ub354 - \ub0b4 \ub9c8\uc74c\ub300\ub85c \uafb8\ubbf8\ub294 \uc0dd\ub9ac \ub2ec\ub825", "packageName": "kr.co.ll2016.theday", "category": "Health & Fitness"}, {"appName": "\ub7f0\ud22c\ub7f0, \uad6d\uc5b4, \uacf5\ubb34\uc6d0, \ud2b9\ud5c8, \uae30\ucd9c, 9\uae09, \uc77c\uc77c\ubb38\uc81c, \uc5b4\ud718, \ud45c\uc900\uc5b4, \uc678\ub798\uc5b4, \uc0ac\uc790\uc131\uc5b4", "packageName": "com.admin.jlesoft.civilservice_korean", "category": "Education"}, {"appName": "Naver Calendar", "packageName": "com.nhn.android.calendar", "category": "Productivity"}, {"appName": "Pok\u00e9mon GO", "packageName": "com.nianticlabs.pokemongo", "category": "Adventure"}, {"appName": "L.POINT - \uc5d8\ud3ec\uc778\ud2b8 [ \ud3ec\uc778\ud2b8, \uba64\ubc84\uc2ed, \uc801\ub9bd, \uc0ac\uc6a9, \ubaa8\ubc14\uc77c \uce74\ub4dc, \ucfe0\ud3f0, \ub86f\ub370]", "packageName": "com.lottemembers.android", "category": "Lifestyle"}, {"appName": "\uc911\uace0\ub098\ub77c - 2,100\ub9cc \ud68c\uc6d0 \uad6d\ub0b4 \ucd5c\ub300 \uc911\uace0\uc7a5\ud130", "packageName": "com.elz.secondhandstore", "category": "Shopping"}, {"appName": "\ub5a0\ub9ac\ubab0 - B\uae09 \uc0c1\ud488, \uc720\ud1b5\uae30\ud55c \uc784\ubc15 \ucd5c\ub300 95% \ud560\uc778", "packageName": "kr.co.fimasia.thirtymall", "category": "Shopping"}, {"appName": "Adobe Acrobat Reader: PDF Viewer, Editor & Creator", "packageName": "com.adobe.reader", "category": "Productivity"}, {"appName": "\u624b\u673a\u6dd8\u5b9d", "packageName": "com.taobao.taobao", "category": "Shopping"}, {"appName": "\ud55c\ucef4\uc624\ud53c\uc2a4 viewer", "packageName": "com.tf.thinkdroid.viewer", "category": "Productivity"}, {"appName": "Trello: Organize anything with anyone, anywhere!", "packageName": "com.trello", "category": "Productivity"}, {"appName": "NH\ucf55\ubc45\ud06c", "packageName": "nh.smart.nhcok", "category": "Finance"}, {"appName": "Messenger \u2013 Text and Video Chat for Free", "packageName": "com.facebook.orca", "category": "Communication"}, {"appName": "\uc9c0\ub2c8 \ubba4\uc9c1 - genie", "packageName": "com.ktmusic.geniemusic", "category": "Music & Audio"}, {"appName": "Polaris Office - Free Docs, Sheets, Slides + PDF", "packageName": "com.infraware.office.link", "category": "Productivity"}, {"appName": "SRT - \uc218\uc11c\uace0\uc18d\ucca0\ub3c4(NEW)", "packageName": "kr.co.srail.newapp", "category": "Travel & Local"}, {"appName": "Hearthstone", "packageName": "com.blizzard.wtcg.hearthstone", "category": "Card"}, {"appName": "Galaxy Buds Plugin", "packageName": "com.samsung.accessory.fridaymgr", "category": "Tools"}, {"appName": "\ucc4c\ub9b0\uc800\uc2a4 - \ud560\uc77c, \uc2b5\uad00, \ubaa9\ud45c \uad00\ub9ac", "packageName": "kr.co.whitecube.chlngers", "category": "Productivity"}, {"appName": "Forest: Stay focused", "packageName": "cc.forestapp", "category": "Productivity"}, {"appName": "CJ ONE", "packageName": "kr.co.ivlog.mobile.app.cjonecard", "category": "Lifestyle"}, {"appName": "\uc6b0\ub9ac\uce74\ub4dc (\uc2a4\ub9c8\ud2b8\uc571)", "packageName": "com.wooricard.smartapp", "category": "Finance"}, {"appName": "\ud53c\uc628\ubd81 (\ud53c\uc6284\uc815\ubcf4\uacf5\uc720)", "packageName": "com.hong.fo4book", "category": "Communication"}, {"appName": "Facebook Lite", "packageName": "com.facebook.lite", "category": "Social"}, {"appName": "GNALI - Real-Time Locator, GPS Tracker, History", "packageName": "com.xsol.gnali", "category": "Communication"}, {"appName": "Microsoft Office: Word, Excel, PowerPoint & More", "packageName": "com.microsoft.office.officehubrow", "category": "Productivity"}, {"appName": "Samsung Global Goals", "packageName": "com.samsung.sree", "category": "Education"}, {"appName": "\ub86f\ub370\ub9c8\ud2b8 M\ucfe0\ud3f0", "packageName": "com.lottemart.lmscp", "category": "Shopping"}, {"appName": "Device Care", "packageName": "com.samsung.android.lool", "category": "Tools"}, {"appName": "T\uba64\ubc84\uc2ed", "packageName": "com.tms", "category": "Lifestyle"}, {"appName": "DeX MAX - Tweak for Samsung DeX", "packageName": "xyz.masmas.dexmax", "category": "Tools"}, {"appName": " Skyscanner \u2013 cheap flights, hotels and car rental", "packageName": "net.skyscanner.android.main", "category": "Travel & Local"}, {"appName": "League+", "packageName": "com.riotgames.mobile.leagueconnect", "category": "Strategy"}, {"appName": "\ubc30\ub2ec\uc694\uae30\uc694", "packageName": "com.fineapp.yogiyo", "category": "Food & Drink"}, {"appName": "\uc778\ud22c\ud3ab-\ubc18\ub824\ub3d9\ubb3c \uac74\uac15, \ub77c\uc774\ud504 \ud3ec\ud138", "packageName": "co.kr.intocns.app.intopet", "category": "Lifestyle"}, {"appName": "Airy: Global Air Quality Map", "packageName": "com.ecoa.misebig", "category": "Weather"}, {"appName": "McDonald's", "packageName": "com.mcdonalds.mobileapp", "category": "Food & Drink"}, {"appName": "\ud314\ub77c\uace0 - \ubaa8\ubc14\uc77c \ucfe0\ud3f0 \uc911\uace0\uac70\ub798, \uc774\uc81c \uc548\uc804\ud558\uac8c \uac70\ub798\ud558\uc790", "packageName": "kr.co.kpcard.palrago", "category": "Shopping"}, {"appName": "\uc0bc\uc131 \ubaa8\uc544\ud0a4 \ud55c\uae00 \ud0a4\ubcf4\ub4dc", "packageName": "org.samsung.app.MoAKey", "category": "Tools"}, {"appName": "Google Home", "packageName": "com.google.android.apps.chromecast.app", "category": "Lifestyle"}, {"appName": "\uc7a1\ud50c\ub798\ub2db-2020\ub144 \uc77c\ud558\uae30 \uc88b\uc740 \uae30\uc5c5\uc740 \uc5b4\ub514?", "packageName": "com.jobplanet.kr.android", "category": "Business"}, {"appName": "Triple Fantasy Premium", "packageName": "com.Gameplete.CardFantasyPremium", "category": "Card"}, {"appName": "\uc11c\uc6b8\uc2a4\ud1a0\uc5b4", "packageName": "com.seoulstore", "category": "Shopping"}, {"appName": "\uc640\ub514\uc988(wadiz) - \ud380\ub529\ubd80\ud130 \ud22c\uc790\uae4c\uc9c0", "packageName": "com.markmount.wadiz", "category": "Shopping"}, {"appName": "\ub2e4\uc74c\uc6f9\ud230 - DAUM WEBTOON", "packageName": "net.daum.android.webtoon", "category": "Comics"}, {"appName": "\uba5c\ub860", "packageName": "com.iloen.melon", "category": "Music & Audio"}, {"appName": "Google Classroom", "packageName": "com.google.android.apps.classroom", "category": "Education"}, {"appName": "Encar", "packageName": "com.encar.encarMobileApp", "category": "Auto & Vehicles"}, {"appName": "\uba38\ucf00\uc778 \uba54\uc774\ud2b8 - \uc804\ub3d9 \ud0a5\ubcf4\ub4dc \uacf5\uc720 \uc11c\ube44\uc2a4", "packageName": "com.mobani.oboon", "category": "Auto & Vehicles"}, {"appName": "DaBang - Rental Homes in Korea", "packageName": "kr.co.station3.dabang", "category": "House & Home"}, {"appName": "HelloLMS", "packageName": "kr.co.imaxsoft.hellolms", "category": "Education"}, {"appName": "\ube0c\ub79c\ub514 - \uc624\ub298 \uc0ac\uc11c \ub0b4\uc77c \uc785\uc790", "packageName": "com.brandicorp.brandi3", "category": "Shopping"}, {"appName": "\ud50c\ub798\uc2dc\uc2a4\ucf54\uc5b4 - FlashScore", "packageName": "eu.livesport.FlashScore_co_kr", "category": "Sports"}, {"appName": "The Bible App Free + Audio, Offline, Daily Study", "packageName": "com.sirma.mobile.bible.android", "category": "Books & Reference"}, {"appName": "\uce74\uce74\uc624\ud398\uc774\uc9c0 KakaoPage", "packageName": "com.kakao.page", "category": "Entertainment"}, {"appName": "U+\ubaa8\ubc14\uc77ctv-\uc2e4\uc2dc\uac04TV,TV\ub2e4\uc2dc\ubcf4\uae30,\ucd5c\uc2e0\uc601\ud654", "packageName": "com.uplus.onphone", "category": "Entertainment"}, {"appName": "SNOW", "packageName": "com.campmobile.snow", "category": "Photography"}, {"appName": "\uce74\uce74\uc624\ubc45\ud06c - \uac19\uc9c0\ub9cc \ub2e4\ub978 \uc740\ud589", "packageName": "com.kakaobank.channel", "category": "Finance"}, {"appName": "TikTok", "packageName": "com.ss.android.ugc.trill", "category": "Video Players & Editors"}, {"appName": "OP.GG for League/ PUBG/ Overwatch", "packageName": "gg.op.lol.android", "category": "Entertainment"}, {"appName": "Clue Period Tracker, Ovulation & Cycle Calendar", "packageName": "com.clue.android", "category": "Health & Fitness"}, {"appName": "Shazam: Discover songs & lyrics in seconds", "packageName": "com.shazam.android", "category": "Music & Audio"}, {"appName": "\uc5f4\uc815\ud488\uc740\ud0c0\uc774\uba38 - \ud63c\uc790 \uacf5\ubd80\ud558\uc9c0\ub9d0\uace0 \uc5f4\ud488\ud0c0\uc5d0\uc11c\ud568\uaed8 \uacf5\ubd80\ud558\uc138\uc694!", "packageName": "com.pallo.passiontimerscoped", "category": "Education"}, {"appName": "\ubaa8\ubc14\uc77c\ud2f0\uba38\ub2c8", "packageName": "com.skt.skaf.a000as00tm", "category": "Maps & Navigation"}, {"appName": "\ud504\ub80c\uc988\ud0c0\uc784", "packageName": "com.kakaogames.friendstime", "category": "Entertainment"}, {"appName": "Trigon : Triangle Block Puzzle Game", "packageName": "com.DTA.trigon", "category": "Puzzle"}, {"appName": "Microsoft Teams", "packageName": "com.microsoft.teams", "category": "Business"}, {"appName": "\ub124\uc774\ubc84 \ud3ec\uc2a4\ud2b8 - \ucf58\ud150\uce20 \uc804\ubb38\uac00\ub97c \uc704\ud55c \uacf5\uac04", "packageName": "com.nhn.android.post", "category": "Social"}, {"appName": "Foodie - Camera for life", "packageName": "com.linecorp.foodcam.android", "category": "Photography"}, {"appName": "HD Wallpapers (Backgrounds)", "packageName": "info.androidstation.hdwallpaper", "category": "Personalization"}, {"appName": "\uacf5\ucc28", "packageName": "com.smartro.gongcha", "category": "Food & Drink"}, {"appName": "MangoPlate - Restaurant Search", "packageName": "com.mangoplate", "category": "Food & Drink"}, {"appName": "\ucf54\ub07c\ub9ac \u2013 \ubd88\uc548, \ubd88\uba74, \uc2a4\ud2b8\ub808\uc2a4 \uc870\uc808", "packageName": "com.mindclass.android", "category": "Health & Fitness"}, {"appName": "Elevate - Brain Training Games", "packageName": "com.wonder", "category": "Education"}, {"appName": "Korean Subway : Smarter Subway", "packageName": "teamDoppelGanger.SmarterSubway", "category": "Maps & Navigation"}, {"appName": "Seezn(\uc2dc\uc98c) - \uc990\uac70\uc6c0\uc744 \ub2e4 \ubcf8\ub2e4!", "packageName": "com.kt.otv", "category": "Entertainment"}, {"appName": "Google Drive", "packageName": "com.google.android.apps.docs", "category": "Productivity"}, {"appName": "\uac8c\uc73c\ub984 \uce58\ub8cc\uc81c - \uba85\uc5b8, \ub3d9\uae30\ubd80\uc5ec, \uc88b\uc740 \uae00", "packageName": "com.humanhelper.forhuman.openquotes", "category": "Lifestyle"}, {"appName": "Phone", "packageName": "com.google.android.dialer", "category": "Tools"}, {"appName": "\uc6b0\ub9ac \uac74\uac15 \uc9c0\ud0b4\uc774", "packageName": "com.jnheo.ourhealth", "category": "Health & Fitness"}, {"appName": "\ubbf8\ub798\uc5d0\uc14b\ub300\uc6b0 \ud1b5\ud569 m.Stock", "packageName": "com.miraeasset.trade", "category": "Finance"}, {"appName": "\ud328\ub110\ub098\uc6b0 - \uc124\ubb38\uc870\uc0ac\ub85c \ub3c8\ubc84\ub294 \uc571", "packageName": "com.d8aspring.panelnow", "category": "Lifestyle"}, {"appName": "UBhind: No.1 Mobile Life Tracker/Addiction Manager", "packageName": "kr.co.rinasoft.howuse", "category": "Productivity"}, {"appName": "Samsung Email", "packageName": "com.samsung.android.email.provider", "category": "Productivity"}, {"appName": "Samsung Voice Recorder", "packageName": "com.sec.android.app.voicenote", "category": "Tools"}, {"appName": "MakeupPlus - Your Own Virtual Makeup Artist", "packageName": "com.meitu.makeup", "category": "Photography"}, {"appName": "Hwahae - analyzing cosmetics", "packageName": "kr.co.company.hwahae", "category": "Beauty"}, {"appName": "\uce90\uc2dc\uc2ac\ub77c\uc774\ub4dc \uc2a4\ud15d\uc5c5 - \uc7a0\uae08\ud654\uba74 \ub9cc\ubcf4\uae30", "packageName": "com.nbt.moves", "category": "Utility"}, {"appName": "GS Fresh Mall/ \uc2ec\ud50c\ub9ac\ucfe1 - \ub9c8\ud2b8\ubd80\ud130 \ud3b8\uc758\uc810\uae4c\uc9c0. 3\uc2dc\uac04 \ub0b4 \ub2f9\uc77c \ubc30\uc1a1", "packageName": "com.gsretail.android.smapp", "category": "Shopping"}, {"appName": "Samsung One UI Home", "packageName": "com.sec.android.app.launcher", "category": "Personalization"}, {"appName": "\uae00\ub85c\uc6b0\ud53d (GLOWPICK)", "packageName": "com.glowdayz.glowmee", "category": "Beauty"}, {"appName": "Auction", "packageName": "com.ebay.kr.auction", "category": "Shopping"}, {"appName": "Unicorn HTTPS: Bypassing SNI-based HTTPS Filtering", "packageName": "kr.co.lylstudio.httpsguard", "category": "Tools"}, {"appName": "Samsung Gallery", "packageName": "com.sec.android.gallery3d", "category": "Photography"}, {"appName": "TenTen - multiplay party mini game", "packageName": "com.harveanie.drinkinggames", "category": "Casual"}, {"appName": "\uc624\ub3c5\uc624\ub3c5 - \ud3ab \uc0ac\ub8cc \uc131\ubd84 \ubd84\uc11d&\ub9ac\ubdf0", "packageName": "com.odokodok.android", "category": "Lifestyle"}, {"appName": "Trabee Pocket : Travel Expense", "packageName": "com.trabee.exnote.travel", "category": "Travel & Local"}, {"appName": "\uc2e0\ud55c\ud398\uc774\ud310", "packageName": "com.shcard.smartpay", "category": "Finance"}, {"appName": "Myfit Pro", "packageName": "com.ictp.mfp", "category": "Tools"}, {"appName": "PUBG MOBILE", "packageName": "com.pubg.krmobile", "category": "Action"}, {"appName": "instiz (official)", "packageName": "net.instiz.www.instiz", "category": "Entertainment"}, {"appName": "\ube44\ud50c\uc81c\ub85c\ud398\uc774 - \uc11c\uc6b8\uc0ac\ub791\uc0c1\ud488\uad8c, \uc628\ub204\ub9ac\uc0c1\ud488\uad8c, \uc9c0\uc5ed\uc0ac\ub791\uc0c1\ud488\uad8c", "packageName": "com.bizplay.bizzeropay", "category": "Finance"}, {"appName": "\ucc29\ud55c\uad6c\ub450", "packageName": "com.chakanshoes.byapps", "category": "Shopping"}, {"appName": "AirBattery", "packageName": "friedrich.georg.airbattery", "category": "Music & Audio"}, {"appName": "GOODTV \ub2e4\ubc88\uc5ed\uc131\uacbd\ucc2c\uc1a1", "packageName": "kr.co.GoodTVBible", "category": "Books & Reference"}, {"appName": "Samsung My Files", "packageName": "com.sec.android.app.myfiles", "category": "Tools"}, {"appName": "\ub9ac\ube0c", "packageName": "com.kbstar.liivbank", "category": "Finance"}, {"appName": "theqoo - \ub354\ucfe0", "packageName": "com.theqoo.app", "category": "Communication"}, {"appName": "\uc2a4\ud0c0\ubc85\uc2a4", "packageName": "com.starbucks.co", "category": "Food & Drink"}, {"appName": "\ubc85\uc2a4 - Bugs", "packageName": "com.neowiz.android.bugs", "category": "Music & Audio"}, {"appName": "Shattered Pixel Dungeon: Roguelike Dungeon Crawler", "packageName": "com.shatteredpixel.shatteredpixeldungeon", "category": "Role Playing"}, {"appName": "\uc228\uace0 - \uc778\ud14c\ub9ac\uc5b4, \uc774\uc0ac, \uccad\uc18c, \uacfc\uc678, \uc6e8\ub529, \ud3ab\uc2dc\ud130 \ub4f1 \uac01\uc885 \uc0dd\ud65c\uc11c\ube44\uc2a4 \uace0\uc218 \ucc3e\uae30", "packageName": "com.soomgo", "category": "Lifestyle"}, {"appName": "\uc5d0\ube0c\ub9ac\ud0c0\uc784 - \uc2dc\uac04\ud45c & \ub300\ud559\uad50 \ucee4\ubba4\ub2c8\ud2f0", "packageName": "com.everytime.v2", "category": "Social"}, {"appName": "\ubc14\ub514\ucc44\ub110 - \ud53c\ud2b8\ub2c8\uc2a4 \ud68c\uc6d0\uc804\uc6a9 \uc11c\ube44\uc2a4\uc571", "packageName": "com.bodychannel.mobileapp", "category": "Lifestyle"}, {"appName": "BLACKUP", "packageName": "com.cafe24.ec.plusskfo900815", "category": "Shopping"}, {"appName": "Intra", "packageName": "app.intra", "category": "Tools"}, {"appName": "\uc3d8\uce74 - 1\ub4f1 \uce74\uc170\uc5b4\ub9c1", "packageName": "socar.Socar", "category": "Maps & Navigation"}, {"appName": "U+\uce74\uce74\uc624\ub0b4\ube44", "packageName": "com.lguplus.navi", "category": "Maps & Navigation"}, {"appName": "\uc11c\uc6b8\ub3c4\uc11c\uad00 \ud1b5\ud569\uc804\uc790\ucc45", "packageName": "kr.co.smartandwise.ecoepub3viewer.seoul", "category": "Books & Reference"}, {"appName": "ZombieBoy2-CRAZY LOVE-", "packageName": "com.karapon.zb2en", "category": "Simulation"}, {"appName": "\uac80\ubcfc\uc564\ub358\uc804(G&D) - \ubc24\uc0c8\uc9c0 \ub9d0\ub780 \ub9d0\uc774\uc57c", "packageName": "com.dhmobile.gad", "category": "Adventure"}, {"appName": "U+ \uace0\uac1d\uc13c\ud130", "packageName": "com.lguplus.mobile.cs", "category": "Lifestyle"}, {"appName": "TJ\ub178\ub798\ubc29 \ub9ac\ubaa8\ucee8", "packageName": "kr.tj.tjsmartplay_B", "category": "Entertainment"}, {"appName": "AirBrush: Easy Photo Editor", "packageName": "com.magicv.airbrush", "category": "Photography"}, {"appName": "\ucea0\ud37c\uc2a4\ud53d - \ub300\ud559\uc0dd \ucee4\ubba4\ub2c8\ud2f0, \ub3d9\uc544\ub9ac, \uacf5\ubaa8\uc804, \ub300\uc678\ud65c\ub3d9", "packageName": "com.vinulabs.campuspick", "category": "Social"}, {"appName": "PASS by U+ \uc6b4\uc804\uba74\ud5c8\uc99d\uc774 \ub0b4 \ud734\ub300\ud3f0 \uc18d\uc73c\ub85c!", "packageName": "com.lguplus.smartotp", "category": "Finance"}, {"appName": "\uc378\ub370\uc774\uc988", "packageName": "com.cafe24.ssomedays", "category": "Shopping"}, {"appName": "\uad6d\uac00\ubc95\ub839\uc815\ubcf4 (Korea Laws)", "packageName": "com.insideinfo.KoreaLawHybrid", "category": "Lifestyle"}, {"appName": "\ud574\ucee4\uc2a4\ud1a0\uc775 \ube45\ud50c(Bigple) - \uc778\uacf5\uc9c0\ub2a5 \ud1a0\uc775\ud29c\ud130", "packageName": "com.hackers.app.bigple", "category": "Education"}, {"appName": "YouTube Music - Stream Songs & Music Videos", "packageName": "com.google.android.apps.youtube.music", "category": "Music & Audio"}, {"appName": "NAVER Korean Dictionary", "packageName": "com.nhn.android.naverdic", "category": "Education"}, {"appName": "\ub9c8\uc774 \ucf00\uc774\ud2f0", "packageName": "com.ktshow.cs", "category": "Lifestyle"}, {"appName": "\uc778\ub514\uc5b8\ud3ec\ucee4", "packageName": "com.BronzeGames.IndianPokerAI", "category": "Card"}, {"appName": "Google Meet - Secure Video Meetings", "packageName": "com.google.android.apps.meetings", "category": "Business"}, {"appName": "JustWatch - The Streaming Guide for Movies & Shows", "packageName": "com.justwatch.justwatch", "category": "Entertainment"}, {"appName": "\uc11c\uc6b8\uc790\uc804\uac70 \ub530\ub989\uc774 (Seoul Public Bike)", "packageName": "com.dki.spb_android", "category": "Maps & Navigation"}, {"appName": "\uc778\ud130\ud30c\ud06c \ud2f0\ucf13", "packageName": "com.interpark.app.ticket", "category": "Entertainment"}, {"appName": "Pixel Launcher", "packageName": "com.google.android.apps.nexuslauncher", "category": "Tools"}, {"appName": "\ud55c\uad6d\uc7a5\ud559\uc7ac\ub2e8", "packageName": "com.mo.kosaf", "category": "Education"}, {"appName": "InBody", "packageName": "com.inbody2014.inbody", "category": "Health & Fitness"}, {"appName": "StyleShare - Fashion & Beauty", "packageName": "com.styleshare.android", "category": "Shopping"}, {"appName": "\uc628\ub514\uc2a4\ud06c (ondisk) \ubaa8\ubc14\uc77c \uc804\uc6a9\uc571", "packageName": "com.ondisk.mobile4v18M", "category": "Lifestyle"}, {"appName": "\ub124\uc774\ubc84 \ube14\ub85c\uadf8 - Naver Blog", "packageName": "com.nhn.android.blog", "category": "Social"}, {"appName": "Weverse", "packageName": "co.benx.weverse", "category": "Social"}, {"appName": "Kakao T - Taxi, Driver, Parking, Navi, Carpool", "packageName": "com.kakao.taxi", "category": "Maps & Navigation"}, {"appName": "KartRider Rush+", "packageName": "com.nexon.kart", "category": "Racing"}, {"appName": "WIND - \uc0c8\ub85c\uc6b4 \uc2a4\ub9c8\ud2b8 \uc804\uae30 \ubaa8\ube4c\ub9ac\ud2f0 \uacf5\uc720 \ud50c\ub7ab\ud3fc", "packageName": "com.wind.korea", "category": "Auto & Vehicles"}, {"appName": "CNN Breaking US & World News", "packageName": "com.cnn.mobile.android.phone", "category": "News & Magazines"}, {"appName": "\ub514\uc2dc\uc778\uc0ac\uc774\ub4dc - dcinside", "packageName": "com.dcinside.app", "category": "Social"}, {"appName": "Luna diary - journal on the moon", "packageName": "com.epiphany.lunadiary", "category": "Lifestyle"}, {"appName": "\uc778\uc5b4\uad50\uc8fc\ud574\uc801\ub2e8 - \ub178\ub7c9\uc9c4, \uac00\ub77d\uc2dc\uc7a5, \ud0b9\ud06c\ub7a9, \uc2dc\uc138, \ub9db\uc9d1", "packageName": "com.tpirates.tpiratesapp", "category": "Food & Drink"}, {"appName": "Ticketlink", "packageName": "kr.co.ticketlink.cne", "category": "Entertainment"}, {"appName": "NAVER Mail", "packageName": "com.nhn.android.mail", "category": "Communication"}, {"appName": "Microsoft PowerPoint: Slideshows and Presentations", "packageName": "com.microsoft.office.powerpoint", "category": "Productivity"}, {"appName": "\uadf8\ub9b0\uce74 \u2013 \uc774\ub3d9\uc744 \uc0c8\ub85c \uadf8\ub9ac\ub2e4", "packageName": "com.greencar", "category": "Maps & Navigation"}, {"appName": "Maps - Navigate & Explore", "packageName": "com.google.android.apps.maps", "category": "Maps & Navigation"}, {"appName": "Hangouts", "packageName": "com.google.android.talk", "category": "Communication"}, {"appName": "\ubcd1\ubb34\uccad", "packageName": "kr.go.mma.android.ByongMu", "category": "Business"}, {"appName": "AlarmMon", "packageName": "com.malangstudio.alarmmon", "category": "Lifestyle"}, {"appName": "\ubbf8\ub798\uc5d0\uc14b\ub300\uc6b0 m.ALL (\uacc4\uc88c\uac1c\uc124)", "packageName": "com.miraeasset.smartasset", "category": "Finance"}, {"appName": "FLO \u2013 \ud50c\ub85c", "packageName": "skplanet.musicmate", "category": "Music & Audio"}, {"appName": "Xbox", "packageName": "com.microsoft.xboxone.smartglass", "category": "Entertainment"}, {"appName": "Netflix", "packageName": "com.netflix.mediaclient", "category": "Entertainment"}, {"appName": "KB\uad6d\ubbfc\uce74\ub4dc", "packageName": "com.kbcard.kbkookmincard", "category": "Finance"}, {"appName": "Samsung Health", "packageName": "com.sec.android.app.shealth", "category": "Health & Fitness"}, {"appName": "ISP/PAYBOOC", "packageName": "kvp.jjy.MispAndroid320", "category": "Finance"}, {"appName": "Gmail", "packageName": "com.google.android.gm", "category": "Communication"}, {"appName": "Soonsoon Candlelight", "packageName": "com.soonsoon.SoonsoonCandle", "category": "Lifestyle"}, {"appName": "AFK \uc544\ub808\ub098", "packageName": "com.lilithgame.hgame.gp.kr", "category": "Role Playing"}, {"appName": "\ud0a5\uace0\uc789 - \ub2e4\uc6b4\ub85c\ub4dc 1\uc704 \ud0a5\ubcf4\ub4dc \uacf5\uc720 \uc11c\ube44\uc2a4", "packageName": "com.olulo.kickgoing", "category": "Auto & Vehicles"}, {"appName": "\ud0c0\uc784\ucee4\uba38\uc2a4 \ud2f0\ubaac", "packageName": "com.tmon", "category": "Shopping"}, {"appName": "\uc5d0\uc774\ube14\ub9ac - \uc140\ub7fd\ub9c8\ucf13 \ubaa8\uc74c\uc571", "packageName": "com.banhala.android", "category": "Shopping"}, {"appName": "KT \uba64\ubc84\uc2ed", "packageName": "com.olleh.android.oc2", "category": "Lifestyle"}, {"appName": "Google Duo - High Quality Video Calls", "packageName": "com.google.android.apps.tachyon", "category": "Communication"}, {"appName": "MX Player", "packageName": "com.mxtech.videoplayer.ad", "category": "Video Players & Editors"}, {"appName": "PAYCO", "packageName": "com.nhnent.payapp", "category": "Lifestyle"}, {"appName": "Metronome: Tempo Lite", "packageName": "com.frozenape.tempolite", "category": "Music & Audio"}, {"appName": "Notion - Notes, Tasks, Wikis", "packageName": "notion.id", "category": "Productivity"}, {"appName": "\ud53c\uc784\uc0dd\ub9ac\ub2ec\ub8251\uc704 \ud551\ud06c\ub2e4\uc774\uc5b4\ub9ac(PINKDIARY)-\uac00\uc784\uae30 \ubc30\ub780 \uc784\uc2e0", "packageName": "com.dnt7.threeW", "category": "Health & Fitness"}, {"appName": "Android Auto - Google Maps, Media & Messaging", "packageName": "com.google.android.projection.gearhead", "category": "Auto & Vehicles"}, {"appName": "Samsung messaging", "packageName": "com.samsung.android.messaging", "category": "Communication"}, {"appName": "Anipang 4", "packageName": "com.sundaytoz.kakao.anipang4", "category": "Action"}, {"appName": "\uacf5\uc778\ud68c\uacc4\uc0ac \uae30\ucd9c\ubb38\uc81c", "packageName": "kr.co.trutory.license.account", "category": "Education"}, {"appName": "Xbox Game Pass", "packageName": "com.gamepass", "category": "Entertainment"}, {"appName": "GOGOSING", "packageName": "com.byappsc.ggsing", "category": "Shopping"}, {"appName": "\uba3c\uc2ac\ub9ac\uc53d - \uc5ec\uc131 \ubc00\ucc29 \uc0dd\ud65c\uc2a4\ud1a0\uc5b4", "packageName": "com.monthlything.aos", "category": "Health & Fitness"}, {"appName": "Darkside Dungeon", "packageName": "com.redzaam.dsd", "category": "Role Playing"}, {"appName": "NAVER Map, Navigation", "packageName": "com.nhn.android.nmap", "category": "Maps & Navigation"}, {"appName": "\ud53c\ub9dd \uc12f\ub2e4", "packageName": "com.neowiz.games.sudda", "category": "Card"}, {"appName": "\uba54\uac00\ubc15\uc2a4(MEGABOX)", "packageName": "com.megabox.mop", "category": "Entertainment"}, {"appName": "\uc544\ubcf4\uce74\ub3c4\ub2f9 - \uce74\uce74\uc624\ud1a1 \ud14c\ub9c8", "packageName": "com.kakao.talk.theme.avocado.dang", "category": "Entertainment"}, {"appName": "\uc62c\ub9ac\ube0c\uc601", "packageName": "com.oliveyoung", "category": "Shopping"}, {"appName": "TFT Guide - LoLCHESS.GG", "packageName": "gg.lolchess", "category": "Productivity"}, {"appName": "Galaxy Buds+ Plugin", "packageName": "com.samsung.accessory.popcornmgr", "category": "Tools"}, {"appName": "\uc54c\ubc14\ucc9c\uad6d- \uc54c\ubc14 \uad6c\uc778\uad6c\uc9c1 \ud3ec\ud138\uc11c\ube44\uc2a4", "packageName": "kr.co.alba.webappalba.m", "category": "Business"}, {"appName": "\ub7f0\ud22c\ub7f0, \ud589\uc815\ud559, \uacf5\ubb34\uc6d0, \ud2b9\ud5c8, \uae30\ucd9c, OX, \uc77c\uc77c\ubb38\uc81c, \uc694\uc57d\uc774\ub860, 9\uae09", "packageName": "com.admin.jlesoft.science_of_public_administration", "category": "Education"}, {"appName": "\ub098\ub9cc\uc758\ub0c9\uc7a5\uace0(GS25)", "packageName": "com.gsr.gs25", "category": "Lifestyle"}, {"appName": "\uc6d0\ub354\ud50c\ub808\uc774\uc2a4", "packageName": "com.wonder.wonderplace", "category": "Shopping"}, {"appName": "Mobizen Screen Recorder for LG - Record, Capture", "packageName": "com.rsupport.mobizen.lg", "category": "Utility"}, {"appName": "\ucfe0\ud321 (Coupang)", "packageName": "com.coupang.mobile", "category": "Shopping"}, {"appName": "Between - Private Couples App", "packageName": "kr.co.vcnc.android.couple", "category": "Social"}, {"appName": "\ucee4\ub125\ud305 - \ud074\ub9b0\ud55c \uc18c\uc15c \ud1b5\ud654 \uc5b4\ud50c", "packageName": "com.yangpark.connecting", "category": "Social"}, {"appName": "Google Play Games", "packageName": "com.google.android.play.games", "category": "Entertainment"}, {"appName": "U+ \ud3b8\uc758\uae30\ub2a5", "packageName": "com.lguplus.lgusetting", "category": "Lifestyle"}, {"appName": "Q-Net \ud050\ub137(\uc790\uaca9\uc758 \ubaa8\ub4e0 \uac83)", "packageName": "com.mcnc.parecis.hrdkorea.qnet", "category": "Education"}, {"appName": "[\uacf5\uc2dd]\uace0\uc18d\ubc84\uc2a4 \ud2f0\uba38\ub2c8", "packageName": "com.kscc.scxb.mbl", "category": "Maps & Navigation"}, {"appName": "T\uc804\ud654 - \uc2a4\ud338\ucc28\ub2e8, \ub179\uc74c, \ucf5c\ub77c \uc601\uc0c1\ud1b5\ud654, \uc804\ud654\ubc88\ud638 \uac80\uc0c9, \ub85c\ubc0d, baro(\ubc14\ub85c)", "packageName": "com.skt.prod.dialer", "category": "Communication"}, {"appName": "\ub9c8\uc774\ud638\ubbf8 - \uc544\ud30c\ud2b8 \uc571", "packageName": "kr.co.myhomie", "category": "House & Home"}, {"appName": "\ucf00\uc774\ub514\uc2a4\ud06c \u2013 \ucd5c\uc2e0\uc601\ud654, \ub4dc\ub77c\ub9c8, \ubc29\uc1a1, \uc560\ub2c8, \ub9cc\ud654, \uc6f9\ud230, BJ\ubc29\uc1a1", "packageName": "com.kdisk.mobile4v4M", "category": "Video Players & Editors"}, {"appName": "Conects Q&A: Photo Math Solver", "packageName": "com.stu.conects", "category": "Education"}, {"appName": "AfreecaTV", "packageName": "kr.co.nowcom.mobile.afreeca", "category": "Entertainment"}, {"appName": "\ub124\uc774\ubc84 - NAVER", "packageName": "com.nhn.android.search", "category": "Browser"}, {"appName": "Instagram", "packageName": "com.instagram.android", "category": "Social"}, {"appName": "Mobizen Screen Recorder - Record, Capture, Edit", "packageName": "com.rsupport.mvagent", "category": "Productivity"}, {"appName": "Chrome Remote Desktop", "packageName": "com.google.chromeremotedesktop", "category": "Tools"}, {"appName": "Mirror", "packageName": "com.studio360apps.mirror", "category": "Beauty"}, {"appName": "\ub9e4\uc9c1\uc11c\ubc14\uc774\ubc8c", "packageName": "com.vkslrzm.Zombie", "category": "Casual"}, {"appName": "\uc2a5\uc0ad - \ub300\ud559\uc0dd\ud65c \uc815\ubcf4 \ucd94\ucc9c", "packageName": "com.icoo.ssgsag_android", "category": "Productivity"}, {"appName": "Video to MP3 Converter - mp3 cutter and merger", "packageName": "mp3videoconverter.videotomp3.videotomp3converter", "category": "Utility"}, {"appName": "Twitter", "packageName": "com.twitter.android", "category": "Social"}, {"appName": "\ud130\uce58\uc5d4 \uc5e0\ubc31\uc2e0 for Web(\uae30\uc5c5\uc6a9)", "packageName": "com.TouchEn.mVaccine.webs", "category": "Finance"}, {"appName": "WeGram (Fasting timer, Intermittent fastring)", "packageName": "com.cleco.wegram.android", "category": "Lifestyle"}, {"appName": "Tank Hero - Fun and addicting game", "packageName": "com.tankgame.tankhero.en", "category": "Casual"}, {"appName": "\uaf3c\uaf3c\uc2dc\uac04\ud45c", "packageName": "com.jushine.ggtimetalbe", "category": "Productivity"}, {"appName": "\uad7f\ub2e5 \u2013 \ub9c8\uc2a4\ud06c\uc2a4\uce90\ub108, \ubcd1\uc6d0\uc57d\uad6d\ucc3e\uae30, \uc131\ud615\uc2dc\uc220 \ubaa8\uc544\ubcf4\uae30 \ud544\uc218\uc571", "packageName": "com.ksncho.hospitalinfo", "category": "Health & Fitness"}, {"appName": "V LIVE", "packageName": "com.naver.vapp", "category": "Entertainment"}, {"appName": "\uc9c0\uadf8\uc7ac\uadf8 - No.1 \uc5ec\uc131\uc1fc\ud551\ubab0 \ubaa8\uc74c\uc571", "packageName": "com.croquis.zigzag", "category": "Shopping"}, {"appName": "Google Play Music", "packageName": "com.google.android.music", "category": "Music & Audio"}, {"appName": "\ub124\uc774\ubc84 \ud1a1\ud1a1 \ud30c\ud2b8\ub108", "packageName": "com.naver.shopping.biztalk", "category": "Tools"}, {"appName": "\uad50\ubcf4\ubb38\uace0 \uc804\uc790\ub3c4\uc11c\uad00", "packageName": "kr.co.kyobobook.KEL", "category": "Lifestyle"}, {"appName": "\uc544\uc774\ub3ccLive - \ubaa8\ub4e0 \ud1b5\uc2e0\uc0ac \uc774\uc6a9\uac00\ub2a5 \uc544\uc774\ub3cc \ucf58\ud150\uce20 APP", "packageName": "com.uplus.musicshow", "category": "Entertainment"}, {"appName": "SB\ud1a1\ud1a1\ud50c\ub7ec\uc2a4", "packageName": "kr.or.sbbank.plus", "category": "Finance"}, {"appName": "SuperStar GFRIEND", "packageName": "com.dalcomsoft.ssg", "category": "Music"}, {"appName": "\ud558\ub098\uba64\ubc84\uc2a4 - \ud3ec\uc778\ud2b8, \ucfe0\ud3f0, \ud574\uc678\uacb0\uc81c, \ubb34\ub8cc\uc1a1\uae08", "packageName": "kr.co.hanamembers.hmscustomer", "category": "Finance"}, {"appName": "\uc544\ud2b8\ub2f7\ucef4 A-RT.COM - ABC\ub9c8\ud2b8\uc758 \uc0c8\ub85c\uc6b4 \ud1b5\ud569 \uc0ac\uc774\ud2b8", "packageName": "com.art.app.primary", "category": "Shopping"}, {"appName": "\uc131\uade0\uad00\ub300\ud559\uad50 \ubaa8\ubc14\uc77c\ud3ec\ud138\uc571 KINGO-M", "packageName": "edu.skku.imp", "category": "Education"}, {"appName": "\uc624\ub298\uc758\uc9d1 - 1000\ub9cc\uc774 \uc120\ud0dd\ud55c No.1 \uc778\ud14c\ub9ac\uc5b4 \ud544\uc218\uc571", "packageName": "net.bucketplace", "category": "House & Home"}, {"appName": "\uc2e0\ud55c\uae08\uc735\ud22c\uc790 \uc54c\ud30c (\uacc4\uc88c\uac1c\uc124 \uacb8\uc6a9)", "packageName": "com.shinhaninvest.nsmts", "category": "Finance"}, {"appName": "1Q MTS - \ud558\ub098\uae08\uc735\ud22c\uc790(\ube44\ub300\uba74 \uacc4\uc88c\uac1c\uc124 \ud3ec\ud568)", "packageName": "com.app.shd.pstock", "category": "Finance"}, {"appName": "KakaoMetro - Subway Navigation", "packageName": "net.orizinal.subway", "category": "Maps & Navigation"}, {"appName": "QuickTouch - Automatic Clicker", "packageName": "simplehat.clicker", "category": "Tools"}, {"appName": "Rising Cat (\ub5a0\uc624\ub974\ub294 \uace0\uc591\uc774)", "packageName": "com.GiftGames.RisingCat", "category": "Casual"}, {"appName": "\uc774\ub79c\ub4dc\ubab0 - Eland mall", "packageName": "kr.co.elandmall.elandmall", "category": "Shopping"}, {"appName": "\uc6b0\ub9ac\uc740\ud589 \uc6d0\ud130\uce58\uc54c\ub9bc", "packageName": "com.wr.alrim", "category": "Finance"}, {"appName": "Just Dance Now", "packageName": "com.ubisoft.dance.JustDance", "category": "Music"}, {"appName": "\uacf5\uac04 \uc608\uc57d\uc740 \uc2a4\ud398\uc774\uc2a4\ud074\ub77c\uc6b0\ub4dc", "packageName": "com.hustay.swing.p3cfded673ced4983b0db9399638730cb", "category": "Lifestyle"}, {"appName": "\ubaa8\ub450\uc758\uc8fc\ucc28\uc7a5-\uad6d\ubbfc\uc8fc\ucc28\uc571 (\uc8fc\ucc28\uc7a5\uac80\uc0c9/\uc8fc\ucc28\uacf5\uc720/\ud560\uc778\uacb0\uc81c)", "packageName": "com.parkingshare.mobile", "category": "Auto & Vehicles"}, {"appName": "\uc2a4\uc719 SWING - Move with Style", "packageName": "com.co.swing", "category": "Lifestyle"}, {"appName": "\ud30c\ubc0dRPG - 2D MMORPG", "packageName": "net.nekoland.game3096", "category": "Role Playing"}, {"appName": "Karrot - Your local buying & selling community", "packageName": "com.towneers.www", "category": "Shopping"}, {"appName": "Downloader & Private Browser - Kode Browser", "packageName": "com.app.downloadmanager", "category": "Tools"}, {"appName": "Candy Crush Saga", "packageName": "com.king.candycrushsaga", "category": "Casual"}, {"appName": "YouTube", "packageName": "com.google.android.youtube", "category": "Video Players & Editors"}, {"appName": "Subway Korea (Korea Subway route navigation)", "packageName": "com.imagedrome.jihachul", "category": "Maps & Navigation"}, {"appName": "NetHack", "packageName": "com.tbd.NetHack", "category": "Role Playing"}, {"appName": "LED Scroller FREE", "packageName": "oops.ledscroller", "category": "Tools"}, {"appName": "\uc774\ubca0\uc2a4\ud2b8 \ub9c8\uc778(MINE) - \ube45\ub370\uc774\ud130 \uc8fc\uc2dd\uc571 (\uacc4\uc88c\uac1c\uc124)", "packageName": "com.ebest.mine", "category": "Finance"}, {"appName": "Screen rotation control", "packageName": "jjong.kim.rotationcontrol", "category": "Tools"}, {"appName": "Naver TV", "packageName": "com.nhn.android.naverplayer", "category": "Video Players & Editors"}, {"appName": "JAM LIVE - Live Show", "packageName": "tv.jamlive", "category": "Entertainment"}, {"appName": "\ubb34\uc74c\ubb34\uc74c FREE - \uae30\ubcf8\uce74\uba54\ub77c\ub97c \ubb34\uc74c\uc73c\ub85c", "packageName": "com.plustwo.silentcamera", "category": "Photography"}, {"appName": "BAND - App for all groups", "packageName": "com.nhn.android.band", "category": "Social"}, {"appName": "Audioclip - podcasts, audiobooks & ASMR", "packageName": "com.naver.naveraudio", "category": "Entertainment"}, {"appName": "Y\ubc15\uc2a4", "packageName": "com.kt.ydatabox", "category": "Lifestyle"}, {"appName": "\ubc30\ub2ec\uc758\ubbfc\uc871", "packageName": "com.sampleapp", "category": "Food & Drink"}, {"appName": "\ud574\ucee4\uc2a4 MP3 \ud50c\ub808\uc774\uc5b4 - \ubb34\ub8cc \ud1a0\uc775 \ud1a0\ud50c \uc601\uc5b4 \ub9ac\uc2a4\ub2dd", "packageName": "com.hackers.app.hackersmp3", "category": "Education"}, {"appName": "BBC News", "packageName": "bbc.mobile.news.ww", "category": "News & Magazines"}, {"appName": "\uc704\uba54\ud504 - \ud2b9\uac00\ub300\ud45c (\ud2b9\uac00 / \uc1fc\ud551 / \uc1fc\ud551\uc571 / \ucfe0\ud3f0 / \ubc30\uc1a1)", "packageName": "com.wemakeprice", "category": "Shopping"}, {"appName": "Droid-X III Web \ubc31\uc2e0 (\uae30\uc5c5\uc6a9)", "packageName": "net.nshc.droidx3web", "category": "Tools"}, {"appName": "\uac74\uad6d\ub300\ud559\uad50 \ub3c4\uc11c\uad00", "packageName": "kr.ac.kku.library", "category": "Education"}, {"appName": "\ubaa8\ubc14\uc77c\uc99d\uad8c \ub098\ubb34(\uacc4\uc88c\uac1c\uc124 \uacb8\uc6a9)", "packageName": "com.wooriwm.txsmart", "category": "Finance"}, {"appName": "[\uc120\uc7ac\uad6d\uc5b4] 30\uc77c \uc815\ub9ac \uacf5\ubb34\uc6d0 \uad6d\uc5b4 \ud544\uc218 \uc554\uae30APP", "packageName": "com.stn.lsjkorean", "category": "Education"}, {"appName": "NASA", "packageName": "gov.nasa", "category": "Education"}, {"appName": "Cookie Run: OvenBreak", "packageName": "com.devsisters.gb", "category": "Arcade"}, {"appName": "Naver Contacts & Dial", "packageName": "com.nhn.android.addressbookbackup", "category": "Tools"}, {"appName": "Mafia42 - Free Mobile Mafia Game", "packageName": "com.sopt.mafia42.client", "category": "Strategy"}, {"appName": "ZOOM Cloud Meetings", "packageName": "us.zoom.videomeetings", "category": "Education"}, {"appName": "Cute Note - DDay Todo", "packageName": "com.qhfka0093.cutememo", "category": "Productivity"}, {"appName": "Pathos: Nethack Codex", "packageName": "com.x10host.pathos", "category": "Role Playing"}, {"appName": "Booking.com: Hotels, Apartments & Accommodation", "packageName": "com.booking", "category": "Travel & Local"}, {"appName": "\ud479 (pooq)", "packageName": "kr.co.captv.pooqV2", "category": "Entertainment"}, {"appName": "SmartThings", "packageName": "com.samsung.android.oneconnect", "category": "Lifestyle"}, {"appName": "\ub354\ub370\uc774 - \uc0dd\ub9ac \ub2ec\ub825", "packageName": "constant.milk.periodapp", "category": "Health & Fitness"}, {"appName": "\ub378\ud53c\ub178 \uc778\uc99d\uc11c \ubcf5\uc0ac", "packageName": "com.wizvera.certcopy", "category": "Finance"}, {"appName": "ASPEAR - \ubb34\uc81c\ud55c \ud504\ub85d\uc2dc", "packageName": "i.hate.sni.bypasssni", "category": "Tools"}, {"appName": "\ubaa8\ubc14\uc77c\ud22c\uc378", "packageName": "com.cj.twosome", "category": "Lifestyle"}, {"appName": "\uc131\ubc94\uc8c4\uc790 \uc54c\ub9bc\uc774", "packageName": "com.mogef_android1.app", "category": "Lifestyle"}, {"appName": "Thunder VPN - A Fast , Unlimited, Free VPN Proxy", "packageName": "com.fast.free.unblock.thunder.vpn", "category": "Tools"}, {"appName": "\uc774\ub514\uc57c\uba64\ubc84\uc2a4", "packageName": "com.ediya.coupon", "category": "Food & Drink"}, {"appName": "\ucf54\ubbf8\ucf54", "packageName": "com.wisdomhouse.justoon", "category": "Comics"}, {"appName": "\ucef4\ud3ec\ud2b8\ub7a9 - COMFORTLAB", "packageName": "com.makeshop.powerapp.newcomfort", "category": "Shopping"}, {"appName": "T map - \ub0b4\ube44\uac8c\uc774\uc158 / \uc9c0\ub3c4", "packageName": "com.skt.tmap.ku", "category": "Maps & Navigation"}, {"appName": "Zara", "packageName": "com.inditex.zara", "category": "Lifestyle"}, {"appName": "Pok\u00e9mon Caf\u00e9 Mix", "packageName": "jp.pokemon.pokemoncafemix", "category": "Puzzle"}, {"appName": "\uad6d\uc138\uccad \ud648\ud0dd\uc2a4 [\uc190\ud0dd\uc2a4]", "packageName": "kr.go.nts.android", "category": "Tools"}, {"appName": "Facebook", "packageName": "com.facebook.katana", "category": "Social"}, {"appName": "\uc131\ub0a8\uc2dc\ub9bd\ub3c4\uc11c\uad00", "packageName": "com.yesjnet.sslib", "category": "Education"}, {"appName": "\uc18c\ub178\ud638\ud154&\ub9ac\uc870\ud2b8", "packageName": "com.mn.daemyungresort", "category": "Travel & Local"}, {"appName": "\ub124\uc774\ubc84 \ud074\ub77c\uc6b0\ub4dc - NAVER Cloud", "packageName": "com.nhn.android.ndrive", "category": "Productivity"}, {"appName": "\ub9ac\ub514\ubd81\uc2a4 - \uc6f9\ud230, \uc6f9\uc18c\uc124\ubd80\ud130 \uc804\uc790\ucc45\uae4c\uc9c0", "packageName": "com.initialcoms.ridi", "category": "Books & Reference"}, {"appName": "\uce74\uce74\uc624\ud398\uc774", "packageName": "com.kakaopay.app", "category": "Finance"}, {"appName": "SoundCloud - Play Music, Audio & New Songs", "packageName": "com.soundcloud.android", "category": "Music & Audio"}, {"appName": "PASS by SKT \u2013 \uc6b4\uc804\uba74\ud5c8\uc99d\uc774 \ub0b4 \ud734\ub300\ud3f0\uc18d\uc73c\ub85c!", "packageName": "com.sktelecom.tauth", "category": "Finance"}, {"appName": "\ub77c\ub77c\uc7a1 \u2013 \uae09\uc774 \ub2e4\ub978 \uc54c\ubc14", "packageName": "com.rarajob.android.app", "category": "Business"}, {"appName": "SOL\uc54c\ub9ac\ubbf8", "packageName": "com.shinhan.smartcaremgr", "category": "Finance"}, {"appName": "Slack", "packageName": "com.Slack", "category": "Communication"}, {"appName": "Scanner App for Me: Scan Documents to PDF", "packageName": "com.apalon.scanner.app", "category": "Business"}, {"appName": "StarPlayer", "packageName": "com.axissoft.starplayer", "category": "Entertainment"}, {"appName": "\ub2c8\ucf58\ub0b4\ucf58 - \uad6d\ub0b4 1\uc704 \uae30\ud504\ud2f0\ucf58 \ud50c\ub9ac\ub9c8\ucf13", "packageName": "com.ncncnative", "category": "Shopping"}, {"appName": "\ud504\ub85c\uc57c\uad6c LIVE - KBO \uc644\uc804\uc815\ubcf5 \ud544\uc218 \uc571", "packageName": "com.tionnet.android.baseball", "category": "Sports"}, {"appName": "\uc804\uad6d\ubc84\uc2a4", "packageName": "net.hyeongkyu.android.incheonBus", "category": "Maps & Navigation"}, {"appName": "\uc6b0\ub9ac\uc740\ud589 \uc6b0\ub9acWON\ubc45\ud0b9", "packageName": "com.wooribank.smart.npib", "category": "Finance"}, {"appName": "Galaxy Wearable (Samsung Gear)", "packageName": "com.samsung.android.app.watchmanager", "category": "Tools"}, {"appName": "Twitch: Livestream Multiplayer Games & Esports", "packageName": "tv.twitch.android.app", "category": "Entertainment"}, {"appName": "Certpia", "packageName": "com.certpia.issue", "category": "Business"}, {"appName": "\uc544\ub9cc\ub2e4: \ub208 \ub192\uc544\ub3c4 \uad1c\ucc2e\uc740 \ud504\ub9ac\ubbf8\uc5c4 \uc18c\uac1c\ud305", "packageName": "com.dorsia.amanda", "category": "Social"}, {"appName": "\uc704\ubc0b\ud50c\ub808\uc774\uc2a4 - \ubaa8\uc784\uc57d\uc18d, \ub3c4\ucc29\uc54c\ub9bc, \uc704\uce58 \uacf5\uc720 \uc11c\ube44\uc2a4", "packageName": "com.wemeet.kks.wemeetplace", "category": "Lifestyle"}, {"appName": "Polaris Viewer - PDF, Docs, Sheets, Slide Reader", "packageName": "com.infraware.office.reader.team", "category": "Productivity"}, {"appName": "\ucee4\ub125\uce20\ubd81 \uc628\ub77c\uc778\uc11c\uc810", "packageName": "com.stunitas.libro", "category": "Books & Reference"}, {"appName": "SERIES", "packageName": "com.nhn.android.nbooks", "category": "Books & Reference"}, {"appName": "\uac74\uad6d\ub300\ud559\uad50 \ucee4\ubba4\ub2c8\ud2f0 KUNG", "packageName": "com.ku.kung", "category": "Communication"}, {"appName": "\ud6c8\uc2a4 HUN'S", "packageName": "kr.co.smartskin.huns", "category": "Shopping"}, {"appName": "Cymera Camera - Collage, Selfie Camera, Pic Editor", "packageName": "com.cyworld.camera", "category": "Photography"}, {"appName": "\uc544\uc774\ub514\uc5b4\uc2a4(idus) - \uc791\ud488\uad6c\ub9e4\ubd80\ud130 \ucde8\ubbf8\uc0dd\ud65c\uae4c\uc9c0!", "packageName": "kr.backpackr.me.idus", "category": "Shopping"}, {"appName": "\ub125\uc2a8\ud50c\ub808\uc774 \u2013 \ub125\uc2a8 \uac8c\uc774\uba38\uc758 \ud544\uc218 \uc571", "packageName": "com.nexon.nxplay", "category": "Communication"}, {"appName": "Galaxy Watch Plugin", "packageName": "com.samsung.android.geargplugin", "category": "Tools"}, {"appName": "Google Play Movies & TV", "packageName": "com.google.android.videos", "category": "Video Players & Editors"}, {"appName": "\ub124\uc774\ubc84 \uc6f9\ud230 - Naver Webtoon", "packageName": "com.nhn.android.webtoon", "category": "Comics"}, {"appName": "SBS - On Air, free VOD(70000)", "packageName": "kr.co.sbs.videoplayer", "category": "Video Players & Editors"}, {"appName": "Syrup Wallet \u2013 \ucd08\ub2ec\ub2ec, \ud61c\ud0dd \uc0dd\ud65c\uc758 \uc2dc\uc791", "packageName": "com.skt.skaf.OA00026910", "category": "Finance"}, {"appName": "\ud574\ud53c\ud3ec\uc778\ud2b8", "packageName": "com.hpapp", "category": "Lifestyle"}, {"appName": "(\uacf5\uc2dd) \ubc84\uac70\ud0b9 BURGER KING\u00aeKOREA", "packageName": "kr.co.burgerkinghybrid", "category": "Lifestyle"}, {"appName": "\uc2a4\ub9c8\ud2b8\ud0dd\ubc30", "packageName": "com.sweettracker.smartparcel", "category": "Business"}, {"appName": "\ub86f\ub370\uc2dc\ub124\ub9c8", "packageName": "kr.co.lottecinema.lcm", "category": "Entertainment"}, {"appName": "\ucf54\uc2a4\ubaa8\uc2a4", "packageName": "kr.coursemos.android2", "category": "Education"}, {"appName": "Samsung Members", "packageName": "com.samsung.android.voc", "category": "Tools"}, {"appName": "LG Camera", "packageName": "com.lge.camera", "category": "Photography"}, {"appName": "Android MMS", "packageName": "com.android.mms", "category": "Social"}, {"appName": "TVing", "packageName": "net.cj.cjhv.gs.tving.samsung", "category": "Entertainment"}, {"appName": "Samsung Dialer", "packageName": "com.samsung.android.dialer", "category": "Personalization"}, {"appName": "Aladin E-Book", "packageName": "kr.co.aladin.ebook", "category": "Books & Reference"}, {"appName": "Toss", "packageName": "viva.republica.toss", "category": "Finance"}, {"appName": "PenUp", "packageName": "com.sec.penup", "category": "Social"}, {"appName": "LG Clock", "packageName": "com.lge.clock", "category": "Social"}, {"appName": "\ub514\ub108\uc758 \uc5ec\uc655", "packageName": "com.dinnerqueen", "category": "Food & Drink"}, {"appName": "\ub370\uc774\ud2b8\ud31d", "packageName": "com.tenfingers.seouldatepop", "category": "Entertainment"}, {"appName": "\ud55c\uae00 hwp", "packageName": "com.hancom.office.hwp.editor.hwp_apk", "category": "Tools"}, {"appName": "\ub108\ub791\ub098\ub791", "packageName": "com.endressdreamky.loveting", "category": "Social"}, {"appName": "Android \uc5f0\ub77d\ucc98", "packageName": "com.android.contacts", "category": "Personalization"}, {"appName": "Android Camera", "packageName": "com.sec.android.app.camera", "category": "Photography"}, {"appName": "\uc790\uc18c\uc124\ub2f7\ucef4", "packageName": "com.anchoreer.jasoseol", "category": "Education"}, {"appName": "Nike Run Club", "packageName": "com.nike.plusgps", "category": "Health & Fitness"}, {"appName": "Android Clock", "packageName": "com.sec.android.app.clockpackage", "category": "Personalization"}, {"appName": "Android Settings", "packageName": "com.android.settings", "category": "Personalization"}, {"appName": "Android Calendar", "packageName": "com.android.calendar", "category": "Personalization"}, {"appName": "Snapseed", "packageName": "com.niksoftware.snapseed", "category": "Photography"}, {"appName": "PhotoRetouching", "packageName": "com.sec.android.mimage.photoretouching", "category": "Photography"}, {"appName": "\uc57c\ub180\uc790", "packageName": "com.cultsotry.yanolja.nativeapp", "category": "Travel & Local"}, {"appName": "Youtube Vanced", "packageName": "com.vanced.android.youtube", "category": "Entertainment"}, {"appName": "Samsung fmm", "packageName": "com.samsung.android.fmm", "category": "Personalization"}, {"appName": "Samsung forest", "packageName": "com.samsung.android.forest", "category": "Shopping"}, {"appName": "Samsung Contacts", "packageName": "com.samsung.android.app.contacts", "category": "Utility"}, {"appName": "Samsung mtpApplication", "packageName": "com.samsung.android.MtpApplication", "category": "Utility"}, {"appName": "Samsung Video", "packageName": "com.samsung.android.video", "category": "Utility"}, {"appName": "Samsung Themestore", "packageName": "com.samsung.android.themestore", "category": "Utility"}, {"appName": "Samsung Bixby", "packageName": "com.samsung.android.bixby.agent", "category": "Utility"}, {"appName": "Samsung GameHome", "packageName": "com.samsung.android.game.gamehome", "category": "Action"}, {"appName": "Samsung ARzone", "packageName": "com.samsung.android.arzone", "category": "Entertainment"}]